id-snippet	n-sentences	n-words	n-nouns	n-adj	n-verbs	n-entities	n-vague	n-concrete	n-conditionals	
hr5114-101.1	20	839	441	83	87	76	3	4	5	Provides for the enforcement of all provisions of law that impose sanctions against countries engaged in gross violations of human rights and that support terrorism against Iraq. Calls on the President to seek multilateral cooperation to: (1) deny dangerous technologies to Iraq; and (2) induce Iraq to respect internationally recognized human rights and to allow international humanitarian and human rights organizations to have access to Iraq and Kuwait. Prohibits, as part of the sanctions against Iraq: (1) any sales to Iraq under the Arms Export Control Act; (2) the issuance of licenses for the export to Iraq of items on the U.S. Munitions List; (3) exports to Iraq of certain goods or technology listed under the Export Administration Act of 1979; (4) the issuance of licenses of authorizations under the Atomic Energy Act of 1954 for the export to Iraq of nuclear materials, facilities, and technology; (5) U.S. support for loans or financial or technical assistance to Iraq by international financial institutions; (6) the provision of credits and other assistance to Iraq through the Commodity Credit Corporation; and (7) the provision of assistance under the Foreign Assistance Act of 1961 and the Arms Export Control Act other than emergency medical and humanitarian assistance. Authorizes the President to waive any sanction within 60 days after certifying to the Congress that: (1) the Iraqi Government has demonstrated substantial improvement in respect for human rights; (2) the Iraqi Government is not acquiring, developing, or manufacturing ballistic missiles or chemical, biological, or nuclear weapons or components for such weapons, has forsworn the first use of such weapons, and is taking steps to dispose of such weapons; (3) the Iraqi Government does not support international terrorism; (4) the Iraqi Government is in compliance with international law; and (5) the President determines that such waiver is in U.S. national security interests. Requires the President to continue the trade embargo and other economic sanctions with respect to Iraq and Kuwait. Sets forth provisions concerning congressional notification with respect to the termination of sanctions. Prohibits any assistance made available pursuant to this Act to carry out the Foreign Assistance Act of 1961 or the Arms Export Control Act to be provided to any country that is not in compliance with the United Nations Security Council sanctions against Iraq unless the President certifies to the Congress that such assistance: (1) is in the U.S. national interest; (2) will directly benefit the needy people in such country; or (3) will be humanitarian assistance for foreign nationals who have fled Iraq and Kuwait. Authorizes the President, if the taking of such action would promote the effectiveness of economic sanctions against Iraq, to prohibit the importation into the United States of any products of a foreign country that has not prohibited the importation of Iraqi products into its customs territory and the export of products to Iraq. Prescribes civil and criminal penalties for violations of specified Executive Orders concerning sanctions against Iraq. Calls for the immediate and unconditional withdrawal of Iraqi forces from Kuwait. Supports the efforts of the United Nations Security Council and the imposition and enforcement of multilateral sanctions against Iraq. Calls on U.S. allies and other countries to bring about an end to Iraq's occupation of Kuwait. Condemns Iraq's human rights violations in Kuwait. Directs the President to keep the Congress fully informed and to consult with the Congress with respect to current and anticipated events regarding Iraq's invasion of Kuwait. Permits the President to waive any sanction within 30 days after certifying to the Congress that: (1) there has been a fundamental change in the leadership of the Iraqi Government; and (2) the Iraqi Government has provided assurances that it respects human rights, will not acquire, manufacture, or use and will destroy chemical, biological, or nuclear weapons and ballistic missiles, will not provide support for international terrorism, and will comply with obligations under international law. Prohibits the use of funds appropriated by any Act to approve the licensing for export of any supercomputer to any country that is assisting Iraq in improving rocket technology or chemical, biological, or nuclear weapons capability. Directs the President to begin negotiations with governments with which the United States has bilateral supercomputer agreements on conditions restricting the transfer to Iraq of supercomputer or associated technology. Requires the President to study and report to specified congressional committees on: (1) the sale, export, and third party transfer or development of nuclear, biological, chemical, and ballistic missile technology to or with Iraq; (2) Iraq's offensive military capability and its effect on the Middle East balance of power; and (3) steps taken by other nations to curtail the export of goods, services, and technologies to Iraq that might enhance Iraq's nuclear, biological, chemical, and ballistic missile capability. Directs the President to provide a complete accounting of international compliance with each of the United Nations Security Council sanctions resolutions against Iraq and to list each country that has provided any assistance to Iraq and the amount and type of assistance in violation of each United Nations resolution.
hr5114-101.2	5	159	77	21	21	9	2	1	1	Requires the delivery of excess defense articles to NATO allies and major non-NATO allies on the southern and southeastern flank of NATO to be given priority over the delivery of such articles to other countries. Prohibits, six months after this Act's enactment, the expenditure of funds made available pursuant to this Act to provide assistance to Yugoslavia. Directs the Secretary of the Treasury to instruct the U.S. executive directors to international financial institutions to oppose any assistance to Yugoslavia. Exempts from such prohibition assistance to support democratic parties or movements and emergency and humanitarian assistance. Makes such prohibition inapplicable if: (1) all the individual republics of Yugoslavia have held free and fair elections and are not engaged in a pattern of human rights violations; or (2) the Secretary of State certifies that Yugoslavia is making significant strides toward complying with the Helsinki Accords and is encouraging any republic which has not held free and fair elections to do so.
hr5114-101.3	1	56	29	4	5	3	2	1	1	Prohibits making available any ESF or foreign military financing assistance for Kenya unless the President reports to the Congress that the Kenyan Government is taking steps to: (1) charge and try or release all prisoners; (2) cease physical abuse or mistreatment of prisoners; (3) restore the independence of the judiciary; and (4) restore freedoms of expression.
hr5114-101.4	1	110	49	14	12	11	1	0	2	Prohibits the obligation of funds for the European Bank for Reconstruction and Development until the President reaches an agreement with the Polish Government or other creditors which accurately reflects the collectability of Polish debts to the United States and adjusts the amount of debt and debt service payable to the United States, subject to the following conditions: (1) an IMF agreement is in effect with respect to Poland and it is the intent of the Polish Government to continue the program; (2) the recent change of the Polish Government into a democracy is being maintained; and (3) the Polish Government is seeking comparable treatment of public and private external debt.
hr5114-101.5	1	27	13	1	6	2	1	0	0	Prohibits assistance to countries which fail to take steps to prevent illicit drugs from being sold to U.S. Government personnel or from entering the United States illegally.
hr5114-101.6	2	45	23	1	8	2	1	0	0	Requires agreements for the sale or provision of articles on the U.S. Munitions List to expressly state that such articles will be provided only with the understanding that they will not be transferred to Cyprus or used to further the severance or division of Cyprus.
hr5114-101.7	12	465	254	39	74	33	2	0	3	Limits the amount of military assistance for El Salvador for FY 1991. Prohibits the provision of such assistance if the President reports to the Congress that: (1) the El Salvadoran Government has declined to participate in negotiations for a permanent settlement and cease-fire to the armed conflict; (2) the El Salvadoran Government has failed to support an active role for the United Nations Secretary General in mediating such settlement; (3) the El Salvadoran Government has rejected a specified settlement plan; (4) the El Salvadoran Government has failed to conduct an investigation into, and prosecution of those responsible for, the murders at the University of Central America; (5) the El Salvadoran military and security forces are engaging in violent acts against civilians or are failing to control such activities by elements subject to their control; or (6) the El Salvadoran Government has failed to seek and encourage a law enforcement service from outside El Salvador to monitor El Salvadoran investigators in their investigation into the murders at the University of Central America. Provides for the resumption of such assistance pursuant to a law enacted by the Congress. Withholds 50 percent of military assistance allocated for FY 1991. Releases such assistance only if: (1) the Farabundo Marti National Liberation Front has declined to participate in settlement negotiations or has failed to support the Secretary General's role in mediating such settlement; (2) the FMLN has rejected a specified settlement plan; (3) the survival of the El Salvadoran Government is being jeopardized by FMLN actions; (4) proof exists that the FMLN is continuing to acquire significant shipments of lethal military assistance from outside El Salvador; or (5) the FMLN is engaging in violent acts against civilians or is failing to control such activities by elements subject to its control. Authorizes the expenditure of ten percent of the military assistance deposited in the Demobilization and Transition Fund to carry out judicial reforms in El Salvador if the President certifies to the Congress that the El Salvadoran Government has made significant progress in establishing an independent civilian judiciary and prosecutorial and investigative system. Sets forth conditions for meeting the progress requirement. Prohibits U.S. assistance to El Salvador if the elected head of the government is deposed by military coup or decree. Provides for the resumption of such assistance pursuant to a law enacted by the Congress. Establishes the Demobilization and Transition Fund to assist in monitoring a settlement of the conflict and in demobilizing combatants in such conflict and aiding their transition to peaceful pursuits. Makes amounts in the Fund available only if the President notifies the Congress that a permanent settlement of the conflict has been reached. Transfers withheld military assistance to the Fund on the date of such notification or on September 30, 1991, if no notification has occurred.
hr5114-101.8	2	24	15	3	4	1	1	0	0	Earmarks specified amounts of ESF assistance for ... Prohibits such funds from being provided to any country whose government engages in consistent human rights violations.
hr5114-101.9	1	11	7	2	0	4	2	0	0	Prohibits any foreign military financing for Zaire, Sudan, Liberia, or Somalia.
hr3199-109.1	3	187	90	26	24	6	1	0	2	Amends the Foreign Assistance Act of 1961 to require an additional section in the President's international narcotics control strategy report that: (1) identifies the five countries that exported the largest amount of pseudoephedrine, ephedrine, and phenylpropanolamine; (2) identifies the five countries that imported the largest amount of such chemicals and have the highest rate of diversion of such chemicals for the use in the illicit production of methamphetamine; and (3) includes an economic analysis of the total worldwide production of such chemicals compared to the legitimate demand for such chemicals. Withholds 50% of the U.S. assistance allocated each fiscal year for countries so identified unless the country has either cooperated fully with the United States or has taken adequate steps on its own to achieve full compliance with established United Nations goals and objectives, unless the vital national interests of the United States prevent withholding such funds. Requires the Secretary of State to submit to Congress a comprehensive plan to address the diversion of chemicals to the illicit production of methamphetamine for each identified country for which the President has not submitted a certification of full cooperation.
hr3199-109.2	3	65	36	7	7	2	2	0	0	Amends the federal criminal code to provide for the forfeiture of the assets of any person planning or perpetrating an act of international terrorism against any international organization or foreign government. Provides that where the property sought for forfeiture is located beyond the territorial boundaries of the United States, an act in furtherance of such planning or perpetration must have occurred within U.S. jurisdiction. (Sec.
hr5948-109.1	14	685	378	65	60	44	4	2	3	Authorizes the President to deny U.S. entry to any alien who: (1) is in the senior leadership of the government of Belarus; (2) is an immediate family member of such person; or (3) through business dealings with senior government leadership derives significant financial benefit from policies or actions that undermine democratic institutions or impede Belarus' transition to democracy. Expresses the sense of Congress that: (1) no loan, credit guarantee, insurance, financing, or other similar financial assistance should be extended by any U.S. agency (including the Export-Import Bank and the Overseas Private Investment Corporation) to the government of Belarus, except for humanitarian goods and agricultural or medical products; and (2) no funds available to the Trade and Development Agency should be available for Agency activities in or for Belarus. Expresses the sense of Congress that the President should block all property and property interests that on or after the date of the enactment of this Act: (1) are owned in whole or in part by the government of Belarus, or by any member or family member closely linked to senior government leadership, or any person who through business dealings with senior government leadership derives significant financial benefit from policies or actions that undermine or injure democratic institutions or impede Belarus' transition to democracy; and (2) are in the United States, or in the possession or control of the U.S. government or of any U.S. financial institution, including any branch or office located outside the United States. States that activities prohibited by the blocking of such property interests should include: (1) payments or transfers of property or anything of economic value by any U.S. person to the government of Belarus or to any entity or person acting on its behalf, or to any member of its senior leadership; (2) the export or reexport to any entity owned, controlled, or operated by the government of Belarus of any goods, technology, or services, either by a U.S. person or involving the use of any air carrier or a vessel documented under U.S. law; and (3) the performance by any U.S. person of any contract, including a contract providing a loan or other financing, in support of an industrial, commercial, or public utility operated, controlled, or owned by the government of Belarus. Exempts from such prohibitions: (1) assistance under sections 4 or 5 of this Act; or (2) medicine, medical equipment, food, or other humanitarian assistance provided to Belarus in response to a humanitarian crisis. Belarus Democracy Reauthorization Act of 2006 - (Sec. 3) Amends the Belarus Democracy Act of 2004 to state that it is U.S. policy to: (1) call for the immediate release of all political prisoners in Belarus; (2) support the aspirations of the people of the Republic of Belarus for democracy, human rights, the rule of law, and to preserve their country's independence; (3) support the growth of democratic movements and institutions in Belarus; (4) refuse to accept the results of the March 2006 presidential elections in Belarus and support new presidential elections; (5) refuse to recognize any referendum that would affect Belarus' sovereignty; and (6) work with other countries and international organizations to promote Belarus' integration into the European community of democracies. (Sec. 4) Revises the activities which may be supported by assistance under this Act, including support for youth groups, independent trade unions and entrepreneurs, human rights defenders, independent media, democratic political parties, and international exchanges. Extends authorization of appropriations through FY2008 for such purposes.(Sec. 5) Includes television broadcasting within the scope of increased support and funding for U.S. government and surrogate broadcasting to Belarus. (Currently, such support is limited to radio broadcasting.) (Sec. 6) Establishes specified economic and U.S. entry sanctions against Belarus until the President certifies to the appropriate congressional committees that the government of Belarus has made progress in meeting specified conditions respecting: (1) release of political and religious prisoners and accounting for the disappearances of opposition leaders and journalists; (2) cessation of political harassment; (3) prosecution of senior government leaders for embezzlement of state assets and administration of fraudulent elections; and (4) holding free presidential and parliamentary elections under independent supervision.
hjres2-108.1	4	57	28	7	6	1	2	0	1	(Sec. 527) Prohibits bilateral assistance funds to any country which the President determines grants sanctuary from prosecution to any individual or group which has committed an act of international terrorism or otherwise supports such activities. Authorizes a waiver of this prohibition by the President for national security and humanitarian reasons, requiring notification to the Committees on Appropriations.(Sec.
hjres2-108.2	1	44	22	6	6	2	1	0	2	543)Prohibits the provision of funds to any foreign government that provides lethal military equipment to a country that the Secretary of State has determined has a terrorist government, unless the President determines that the furnishing of such assistance is in the U.S. national interest.
hjres2-108.3	2	62	30	5	6	6	2	0	2	(Sec. 531) Bars assistance to any country that is not in compliance with the United Nations (UN) sanctions against Iraq, unless the President certifies to the Congress that such assistance: (1) is in the U.S. national interest; (2) will directly benefit the needy people in that country; or (3) will be humanitarian assistance for foreign nationals who have fled Iraq and Kuwait.
hjres2-108.4	2	75	41	4	10	4	2	0	2	(Sec. 556) Directs the Secretary of the Treasury to instruct the U.S. executive director of each international financial institution to vote against the extension of any loans to the Government of Zimbabwe (except to meet basic human needs or promote democracy) unless the Secretary of State certifies to the Committees on Appropriations that the rule of law has been restored there, including respect for ownership and title to property, and freedom of speech and association.
hjres2-108.5	5	129	73	9	14	11	1	1	3	(Sec. 557) Prohibits the use of foreign military financing and IMET funds for Nigeria until the President certifies to the Committees on Appropriations that the Nigerian Minister of Defense, the Chief of the Army Staff, and the Minister of State for Defense/Army are suspending from the Armed Forces those members against whom there is evidence of gross violations of human rights in Benue State in October 2001, and the Government of Nigeria and the Nigerian Armed Forces are taking measures to bring them to justice. Authorizes the President to waive such requirements if it is determined to be in the national security interests of the United States. (Sec. 506) Prohibits the use of funds for: (1) the export of nuclear equipment, fuel, or technology (except for nuclear safety purposes);
hjres2-108.6	2	36	23	2	2	8	1	0	0	(Sec. 506) Prohibits the use of funds for: (2) direct assistance or reparations to Cuba, Iraq (except humanitarian and relief assistance if it is in the U.S. national interest), Libya, North Korea, Iran, Sudan, or Syria;
hjres2-108.7	2	34	19	1	6	0	2	0	0	(Sec. 506) Prohibits the use of funds for: (3) assistance (excluding assistance to promote democracy) to the government of any country whose duly elected head of government is deposed by military coup or decree;
hjres2-108.8	2	40	26	2	2	1	1	0	2	(Sec. 506) Prohibits the use of funds for: (5) assistance to the government of any country in default in excess of a year on payments on a U.S. loan (unless the President determines such assistance is in the national interest)
hjres2-108.9	2	57	30	7	12	3	1	0	1	562) Prohibits funds appropriated under this Act, or appropriated under prior Acts for foreign operations, export financing, and related programs, from being made available to KEDO. Authorizes the President to waive such requirement and provide specified amounts to KEDO for administrative expenses if it is determined to be in the national security interests of the United States.
hjres2-108.10	2	32	18	1	4	4	1	1	1	(Sec. 545) Prohibits the obligation of any appropriations for the PLO for the West Bank and Gaza unless the President has exercised certain authorities to suspend prohibitions on assistance to the PLO.
hjres2-108.11	3	46	27	4	5	7	2	0	0	(Sec. 548) Prohibits the obligation of appropriations to create in Jerusalem a new U.S. agency office for the purpose of conducting U.S. business with the Palestinian Authority over Gaza and Jericho (or any successor Palestinian governing entity) provided for in the Israel-PLO Declaration of Principles.(Sec. 552)
hjres2-108.12	1	24	14	1	2	3	1	0	2	Prohibits the obligation of any appropriations for the PLO unless the President certifies to Congress that it is in the U.S. national security interests.
hjres2-108.13	4	151	65	16	29	15	1	1	2	(Sec. 563) Prohibits funds appropriated by this Act from being used to support a Palestinian state unless the Secretary of State certifies to the appropriate congressional committees that: (1) a new leadership of a Palestinian governing entity has been democratically elected; (2) the governing entity of a new Palestinian state has demonstrated a commitment to peace with Israel and is taking appropriate measures to counter terrorism in the West Bank and Gaza; and (3) the Palestinian Authority is working with other countries in the region to establish a lasting peace in the Middle East that will enable Israel and an independent Palestinian state to coexist. Authorizes assistance intended to help reform the Palestinian Authority and affiliated institutions, or a newly elected governing entity, so it can meet the requirements of this section. Authorizes the President to waive such requirements if it is in the national security interests of the United States.
hjres2-108.14	2	113	59	15	14	11	1	0	1	(Sec. 569) Makes foreign military financing program funds available to Indonesia, and authorizes the issuance of licenses for the export of lethal defense articles for the Indonesian Armed Forces, if the President certifies to the appropriate congressional committees that: (1) the Indonesia Minister of Defense is suspending from the Armed Forces those members who have committed gross violations of human rights, or who have aided or abetted militia groups; (2) the Indonesian Government is prosecuting such individuals; (3) the Indonesian Armed Forces are cooperating with civilian prosecutors and judicial authorities in such cases; and (4) the Minister of Defense is making publicly available audits of receipts and expenditures of the Indonesian Armed Forces.
hjres2-108.15	2	55	34	3	9	2	2	0	1	(Sec. 570) Bars the use of funds appropriated by this Act for assistance for the government of any country for which the Secretary of State has determined there is credible evidence that it has aided or abetted, within the previous six months, in the illicit distribution, transportation, or sale of diamonds mined in Sierra Leone.
hjres2-108.16	2	52	28	7	2	5	1	1	1	(Sec. 572) Makes certain foreign assistance funds that were available for the United Nations Population Fund (UNFPA), and an equal amount in this Act, available for the UNFPA if the President determines that the UNFPA no longer supports or participates in the management of a program of coercive abortion or involuntary sterilization.
hjres2-108.17	2	24	13	4	4	2	0	0	0	Prohibits such funds made available to the UNFPA to be used in China. Conditions the availability of such funds to UNFPA on specified requirements.
hjres2-108.18	1	24	11	5	1	0	2	0	0	Bars the availability of appropriated funds or unobligated balances from prior appropriations to any organization or program which supports coercive abortions or involuntary sterilizations.
hjres2-108.19	2	85	46	6	12	1	2	0	0	Authorizes funds to be made available, in order to reduce reliance on abortion in developing nations, to qualified voluntary family planning projects that: (1) offer directly or through referral, or offer information about access to, a broad range of family planning methods and services; and (2) meet specified requirements.(Sec. 518) Prohibits the use of development assistance funds for abortions or involuntary sterilizations as methods of family planning, to motivate or coerce any person to practice abortions, or to provide any financial incentive to undergo sterilization.
hjres2-108.20	2	28	14	1	4	0	1	0	0	(Sec. 533) Prohibits the use of funds to provide: (2) assistance for any project that contributes to the violation of internationally recognized workers rights in the recipient country.
hjres2-108.21	2	108	52	10	15	9	2	1	0	(Sec. 576) Bars the use of funds made available by this Act for assistance (except humanitarian assistance and assistance for democratization), and the Secretary of the Treasury shall instruct the U.S. executive directors of the international financial institutions to vote against any new project involving the extension of financial or technical assistance, to any country (Bosnia and Herzegovina, Croatia, and Serbia), entity, or municipality that has failed to take necessary steps to implement its international legal obligations to apprehend and transfer to the International Criminal Tribunal for the Former Yugoslavia all persons in their territory who have been indicted by the Tribunal and to otherwise cooperate with it.
hjres2-108.22	2	123	68	9	14	10	1	0	2	(Sec. 578) Makes funds appropriated by this Act available after June 15, 2003, for assistance for Serbia if the President determines and certifies to the Committees on Appropriations that the Government of the Federal Republic of Yugoslavia (or a government of a successor state) is: (1) cooperating with the International Criminal Tribunal for Yugoslavia, including regarding the surrender and transfer of indictees or assistance in their apprehension; (2) taking steps consistent with the Dayton Accords to end Serbian financial, political, security and other support which has served to maintain separate Republika Srpska institutions; and (3) taking steps to implement policies which reflect a respect for minority rights and the rule of law, including the release of political prisoners from Serbian jails and prisons.
hjres2-108.23	2	67	40	6	6	2	2	0	0	(Sec. 577) Directs the Secretary of the Treasury to instruct the U.S. executive directors at specified international financial institutions to oppose any loan, grant, strategy or policy that would require user fees or service charges on poor people for primary education or primary health care, including prevention and treatment efforts for HIV/AIDS, malaria, tuberculosis, and infant, child, and maternal well-being, in connection with the institution's lending programs.
hjres2-108.24	1	82	52	6	7	11	0	0	2	Authorizes the President to withhold funds for economic revitalization programs in Bosnia and Herzegovina if the President certifies to the Committees on Appropriations that: (1) the Federation of Bosnia and Herzegovina has not complied with article III of annex 1-A of the General Framework Agreement for Peace in Bosnia and Herzegovina concerning the withdrawal of foreign forces; and (2) intelligence cooperation on training, investigations, and related activities between state sponsors of terrorism and terrorist organizations and Bosnian officials has not been terminated.
hjres2-108.25	1	68	31	11	8	4	1	0	2	Withholds 60 percent of U.S. assistance allocated to the Government of the Russian Federation until the President certifies to specified congressional committees that it: (1) has terminated arrangements to provide Iran with technical expertise, training, technology, or equipment to develop a nuclear reactor or ballistic missile capability; and (2) is providing full access to international nongovernmental organizations providing humanitarian relief to refugees and internally displaced persons in Chechnya.
hjres2-108.26	1	9	6	2	0	4	0	0	0	Prohibits foreign military financing for Sudan, Liberia, and Guatemala.
hjres2-108.27	2	63	34	4	8	3	2	3	0	(Sec. 583) Prohibits the use of funds made available under this Act by OPIC and the Export-Import Bank of the United States to insure, reinsure, guarantee, finance, or extend credit in any project involving the mining, polishing or other process, or sale of diamonds in a country that fails to meet certain requirements with respect to the export and import of rough diamonds.
hjres2-108.28	4	106	50	13	21	3	1	1	1	(Sec. 579) Prohibits funds appropriated by this Act from being made available to provide assistance for a foreign country under a new bilateral agreement governing the terms under which such assistance is to be provided unless such agreement includes a provision stating that such assistance shall be exempt from taxation, or reimbursed, by the foreign government. Requires the Secretary of State to negotiate amendments to existing bilateral agreements to conform them to such requirement. Sets forth certain requirements with respect to reimbursement of foreign taxes to the United States, including the withholding of U.S. assistance in cases where a country does not reimburse the United States.
hjres2-108.29	4	152	76	21	24	10	0	1	4	564) Makes funds appropriated by this Act available for assistance for the Colombian Armed Forces (CAF) to support the Colombian Government's unified campaign against narcotics trafficking and against paramilitary and guerrilla organizations designated as terrorist organizations. Allows the obligation of up to 75 percent of such funds before the Secretary of State has certified to the appropriate congressional committees that the CAF and the Colombian Government are taking specified steps to clear the CAF of, and bring to justice, those members who have committed gross violations of human rights, including extra-judicial killings. Withholds the obligation of up to 12.5 percent of such assistance until the Secretary of State certifies to the appropriate congressional committees that such steps are being taken and the CAF are severing links with paramilitary organizations and apprehending their leaders. Permits obligation of the balance of such funds upon certification that the CAF are continuing to meet these conditions.
hjres2-108.30	2	47	27	1	6	7	2	0	1	(Sec. 565) Prohibits the Secretary of State from issuing a visa to any alien who the Secretary determines has willfully provided (or conspired to provide) support to the Revolutionary Armed Forces of Colombia (FARC), the National Liberation Army (ELN), or the United Self-Defense Forces of Colombia (AUC).
hjres2-108.31	2	43	25	4	1	4	0	0	0	(Sec. 544) Withholds assistance to a foreign country in an amount equal to 110 percent of the total unpaid parking fines and penalties owed by the country to the District of Columbia and New York City, New York, as of September 30, 2002.
hjres2-108.32	1	17	8	1	3	3	1	0	0	Prohibits the United States from paying any voluntary contribution to the UN, including the UN Development Program.
hjres2-108.33	2	51	28	5	7	2	0	0	1	(Sec. 553) Prohibits the use of funds for the security forces of a foreign country if the Secretary of State believes they have committed gross violations of human rights, unless the Secretary reports to the Committees on Appropriations that such country is taking steps to bring the responsible persons to justice.
hjres2-108.34	3	147	79	20	12	9	2	0	2	(Sec. 517) Prohibits the availability of assistance for the Independent States of the former Soviet Union to a government of such an Independent State: (1) unless it is making progress in implementing comprehensive economic reforms based on market principles, private ownership, respect for commercial contracts, and equitable treatment of foreign private investment; (2) if it applies or transfers U.S. assistance to any entity for the purpose of expropriating or seizing ownership of assets, investments, or ventures (unless the President determines such assistance is in the national interest); (3) if it directs action in violation of the territorial integrity or national sovereignty of any other Independent State of the former Soviet Union; or (4) to enhance its military capability (except for demilitarization, demining, or nonproliferation programs). Subjects such assistance for the Russian Federation, Armenia, Georgia, and the Ukraine to the regular notification procedures of the Committees on Appropriations.
hjres2-108.35	4	70	40	10	7	8	0	0	0	(Sec. 560) Directs the Secretary of the Treasury to instruct the U.S. executive directors of international financial institutions to oppose loans to the Central Government of Cambodia (except loans to support basic human needs). Prohibits the availability of funds under this Act for assistance for the Central Government of Cambodia, with specified exceptions. Makes ESF assistance available for activities to support democracy (including assistance for democratic political parties) in Cambodia.
hjres2-108.36	2	36	18	6	4	2	1	1	2	(Sec. 573) Directs the Secretary of the Treasury to withhold ten percent of the U.S. payment to any international financial institution until the Secretary certifies that such institution has implemented certain procurement and financial management reforms.
hjres2-108.37	2	63	40	2	5	8	0	0	2	(Sec. 574) Makes funds appropriated by this Act available for assistance for the Government of Uzbekistan only if the Secretary of State determines and reports to the Committees on Appropriations that it is making substantial and continuing progress in meeting its commitments under the "Declaration on the Strategic Partnership and Cooperation Framework Between the Republic of Uzbekistan and the United States of America.
hjres2-108.38	4	98	54	7	12	3	2	0	2	(Sec. 518) Prohibits the use of development assistance funds for abortions or involuntary sterilizations as methods of family planning, to motivate or coerce any person to practice abortions, or to provide any financial incentive to undergo sterilization."Makes funds appropriated by this Act available to the Government of Kazakhstan only if the Secretary of State determines and reports to the Committees on Appropriations that it has made significant improvements in the protection of human rights during the preceding six months. Authorizes the Secretary to waive such requirement if it is in the national security interest of the United States.
hjres2-108.39	1	28	22	0	1	6	1	0	0	Bars the use of development assistance funds for any activity which is in contravention of the Convention on International Trade in Endangered Species of Flora and Fauna (CITES).
hr3610-104.1	3	145	78	14	19	8	2	1	4	(Sec. 609) Prohibits the use of funds from this Act, unless certain conditions are met, to pay for costs incurred for: (1) opening or operating any U.S. diplomatic or consular post in the Socialist Republic of Vietnam that was not operating on July 11, 1995; (2) expanding any such post that was in operation on such date; or (3) increasing the number of personnel assigned to such posts above the level existing on such date. Allows the use of such funds for such purposes only if the President certifies that the Vietnamese Government is fully cooperating with the United States in specified activities relating to the investigation and recovery of missing U.S. military personnel, including: (1) resolution of discrepancy cases, live-sightings, and field activities; (2) recovery and repatriation of American remains; (3) provision of documents on POW-MIAs; and (4) implementation of trilateral investigations with Laos.
hr3610-104.2	2	58	30	5	8	4	2	0	0	(Sec. 610) Prohibits the use of funds under this Act for any United Nations peacekeeping mission involving U.S. forces under the command or control of a foreign national, if the President's military advisors have not recommended that such involvement is in the U.S. national security interest, and the President has not submitted such a recommendation to the Congress.
hr3610-104.3	2	134	75	12	8	6	1	0	2	(Sec. 8055) Prohibits the use of funds: (1) for the modification of an aircraft, weapon, ship, or other equipment that the military department concerned plans to retire or otherwise dispose of within five years after completion of the modification; (2) by a DOD entity without compliance with the Buy American Act; (3) for the design, development, acquisition, or operation of more than 47 Titan IV expendable launch vehicles; (4) for assistance to or programs in the Democratic People's Republic of North Korea unless specifically appropriated for such purpose; (5) to reduce the civilian medical and medical support personnel assigned to military treatment facilities below the September 30, 1996 level; and (6) to transport chemical munitions to the Johnston Atoll for storage or demilitarization (with an exception and an authorized wartime waiver by the President).
hr3610-104.4	1	27	20	1	0	8	0	0	0	Title II: Bilateral Economic Assistance - Makes appropriations for FY 1997 for: (15) Economic Support Fund (ESF) assistance (but not for Zaire); (16) the International Fund for Ireland;
hr3610-104.5	1	31	19	3	0	4	0	0	0	(17) economic assistance for Eastern Europe, the Baltic States, and the independent states of the former Soviet Union; (18) the Peace Corps (but with a ban on fund use for abortions);
hr3610-104.6	1	26	16	4	0	5	0	0	0	Title III: Military Assistance - Makes appropriations for FY 1997 for: (1) international military education and training (with a ban on such assistance to Zaire and Guatemala);
hr3610-104.7	1	38	25	4	1	11	1	0	0	Prohibits foreign military financing for: (1) any non-North Atlantic Treaty Organization (NATO) country participating in the Partnership for Peace Program except through the regular notification procedures of the Committees on Appropriations; and (2) Zaire, Sudan, Liberia, and Guatemala.
hr3610-104.8	2	94	52	10	9	15	1	2	0	Title V: General Provisions - Sets forth limits on the use of appropriations identical or very similar to restrictions enacted in the Foreign Operations, Export Financing, and Related Programs Appropriations Act, 1996 (P.L. 104-107), notably with respect to: (1) countries supporting the Arab boycott of Israel, Cuba, Iraq, Iran, Liberia, Montenegro, the Palestine Liberation Organization, Serbia, terrorist countries or countries supporting terrorism or giving sanctuary to war criminals; and (2) financial incentives to induce a business to relocate outside the United States or assistance to develop certain kinds of export processing zones in foreign countries.
hr3610-104.9	2	36	28	1	1	11	1	0	0	(Sec. 520) Prohibits the use of funds for Colombia, Guatemala (except for development assistance), the Dominican Republic, Haiti, Liberia, Pakistan, Peru, Serbia, Sudan, or Zaire, except through the regular notification procedures of the Committees on Appropriations.
hr3610-104.10	2	44	20	4	6	3	0	1	2	(Sec. 567) Waives certain restrictions and authorizes the availability of funds for the Guatemalan military forces only if the President certifies to the Congress that the Guatemalan military is cooperating fully with efforts to resolve human rights abuses and to negotiate a peace settlement.
hr3610-104.11	2	27	14	3	5	3	0	1	2	(Sec. 570) Imposes certain economic sanctions against Burma until the President certifies to the Congress that Burma has made progress in improving human rights and implementing democracy.
hr3610-104.12	2	69	31	10	9	2	2	0	0	(Sec. 579) Requires the Secretary of the Treasury to instruct the U.S. Executive Director of each international financial institution to vote against any loan or other use of the institution's funds, other than to address basic human needs, for the government of any country with a known history of female genital mutilation which has not made the practice illegal or taken steps to implement educational programs to prevent it.
hr3610-104.13	2	48	27	5	3	6	0	0	0	(Sec. 580) Requires the Secretary of State's annual report to the Congress on voting practices at the UN to include a side-by-side comparison of individual countries' overall support for the United States at the UN and the amount of U.S. assistance provided to such country in FY 1996.
hr3610-104.14	2	42	20	1	5	5	1	0	2	(Sec. 581) Prohibits the use of funds under this Act to pay any voluntary U.S. contribution to the UN unless the President certifies to the Congress that the UN is not making any effort to impose any taxation on any U.S. persons.
hr3610-104.15	2	25	14	3	2	3	0	1	0	(Sec. 585) Directs the Secretary of State to report to the Committee on Appropriations about certain military activities of the Democratic People's Republic of Korea.
hr3610-104.16	2	41	24	2	4	4	0	0	1	(Sec. 587) Withholds specified funds from Mexico until the President reports to the Congress that Mexico is taking action to reduce the flow of illegal drugs to the United States as well as enforce its laws against narcotic trafficking and money-laundering.
hr3610-104.17	2	53	25	5	5	5	1	1	0	(Sec. 611) Amends the NATO Participation Act of 1994 to establish a presidential and congressional procedure for termination of eligibility for assistance for Partnership for Peace countries which: (1) no longer meet certain eligibility criteria; (2) are hostile to the NATO alliance; or (3) pose a national security threat to the United States.
hr4775-107.1	6	270	144	26	30	19	3	2	1	Title II: American Servicemembers' Protection Act - American Servicemembers' Protection Act of 2002 - Prohibits U.S. cooperation with the International Criminal Court. Specifies restrictions on: (1) participation by covered U.S. persons in United Nations (UN) peacekeeping and peace enforcement operations; (2) transfer to the Court of U.S. classified national security and law enforcement information; and (3) the provision of U.S. military assistance, with specified exceptions, to the government of a country that is a party to the Court.(Sec. 2003) Prescribes conditions for a presidential waiver of the prohibitions and requirements of this Act.(Sec. 2004) Declares that the requirements of this Act shall not prohibit: (1) any action authorized by the President to bring about the release from captivity of any U.S. military personnel (covered U.S. persons) and certain other persons (covered allied persons) who are being detained or imprisoned against their will by or on behalf of the Court; or (2) communication by the United States of its policy with respect to a matter. Authorizes the President to use all means necessary (including the provision of legal assistance) to bring about the release of covered U.S. persons and covered allied persons held captive by, on behalf, or at the request of the Court.(Sec. 2009) Urges the President to report to appropriate congressional committees on the degree to which: (1) each military alliance to which the United States is a party may place U.S. armed forces under foreign control subject to the Court's jurisdiction; and (2) U.S. armed forces engaged in military operations pursuant to such alliance may be exposed to greater risks as a result of being placed under such foreign control.
hr4775-107.2	5	141	75	17	23	9	2	1	0	(Sec. 601) Makes specified funds appropriated by this and other Acts available to support the Colombian Government's unified campaign against narcotics trafficking and certain terrorist organizations, subject to reports by the Secretary to Congress that the President of Colombia has committed, in writing, to comprehensive policies to combat illicit drug cultivation and trafficking, reform the Colombian Armed Forces, and commit sufficient resources to fulfill the country's previous commitments under "Plan Colombia." Terminates funding if the Secretary has credible evidence that vigorous efforts are not being made to restore government authority and human rights in guerilla-controlled areas. Prohibits U.S. contractors or armed forces from participating in any combat operations.(Sec. 305) Permits the use of DOD funds available for assistance to Colombia to be used to combat narcotics trafficking and terrorist organization activity as well as emergency rescue and health and welfare actions.
hr4775-107.3	1	36	18	5	4	3	0	0	1	(302) Authorizes the President to continue to provide assistance to Russia under cooperative threat reduction programs and the Freedom Support Act under an alternative certification requirement if such assistance is vital to U.S. national security interests
hr2494-101.1	4	146	78	12	16	14	2	0	2	Prohibits the Bank from providing any export financing, loans, or financial services to China. Waives such prohibitions with respect to food or agricultural commodities. Authorizes the President to waive such prohibitions if he reports to the Congress that: (1) the Chinese Government has made progress on a program of political reform in China and Tibet; or (2) it is in the U.S. national interest to terminate such suspension. Expresses the sense of the Congress that the President should: (1) instruct the U.S. Executive Directors of the World Bank and the Asian Development Bank to oppose the extension of any financial or technical assistance to China; and (2) consider China to be a country engaging in gross violations of human rights for purposes of the International Financial Institutions Act until the President determines that the repression and reprisals against persons in connection with prodemocracy demonstrations has ended.
hr2494-101.2	1	89	44	11	14	5	2	1	2	Prohibits the Bank from guaranteeing, insuring, or extending credit in connection with the exports of goods (other than food or agricultural commodities) or services to Angola until the President certifies to the Congress that free and fair elections have been held in Angola and that the Angolan Government: (1) is seeking to achieve an equitable political settlement of conflict through a mutual cease-fire and a dialogue with opposition armed forces; and (2) has demonstrated progress in protecting human and worker rights and other attributes of political pluralism and democracy.
hr2494-101.3	1	72	40	10	7	6	1	1	2	Expresses the sense of the Congress that the Secretary should instruct certain multilateral lending institutions to: (1) act promptly upon requests by Poland for the establishment of financial institutions and businesses involved in credit and financial services in Poland; and (2) propose that such institutions prohibit financial assistance or debt forgiveness to Poland until the Polish Government allows privately owned entities in foreign countries to invest in private commercial ventures in Poland.
hr5006-102.1	5	127	76	7	11	12	1	0	2	Declares that the President should encourage countries that conduct trade with Cuba to restrict their trade and credit regulations with Cuba in a manner consistent with this Act. Authorizes the President to impose the following sanctions against countries that provide assistance to Cuba: (1) ineligibility for assistance under the Foreign Assistance Act of 1961 or the Arms Export Control Act; and (2) ineligibility for forgiveness or reduction of debt owed to the U.S. Government. Terminates such sanctions if the President reports to the Congress that Cuba has met conditions established under this Act concerning democracy, human rights, and a free market economy. Prohibits restrictions on the export to Cuba of medicines, subject to specified conditions and inspection requirements. Permits telecommunications services between the United States and Cuba.
hr5006-102.2	11	465	238	49	43	25	2	3	0	Title XVI: Iran-Iraq Arms Non-Proliferation Act of 1992 - Iran-Iraq Arms Non-Proliferation Act of 1992 - States that it shall be U.S. policy to oppose, and urgently seek the agreement of other nations to oppose, the transfer to Iran or Iraq of goods or technology, including dual-use goods or technology, whenever such transfer could contribute to either country's acquiring chemical, biological, nuclear, or destabilizing numbers and types of advanced conventional weapons. Directs the President to apply to Iran and Iraq, as well as countries assisting them in acquiring weapons of mass destruction, all of the applicable sanctions and controls available to the United States under all applicable Acts, laws, and statutes regarding the non-proliferation of weapons of mass destruction and the means of their delivery. Directs the President to: (1) urgently seek the agreement of other nations to adopt and institute such sanctions and controls as are comparable to those of the United States; and (2) identify publicly any country or person that transfers goods or technology to Iran or Iraq in a manner contrary to stated policy. Provides that sanctions against Iraq under the Iraq Sanctions Act of 1990 shall apply to Iran in the same manner. Prohibits, for two years, U.S. procurement of goods from, and approval of export licenses for, any person transferring goods or technology so as to contribute to Iran or Iraq's acquisition of destabilizing numbers and types of advanced conventional weapons. Authorizes the President, for any period of time, to prohibit the importation of any articles which are the product, manufacture, or growth of the sanctioned person. Provides identical mandatory and discretionary sanctions against the government of any foreign country that transfers goods or technology to contribute to Iran or Iraq's acquisition of destabilizing numbers and types of advanced conventional weapons. Imposes the following mandatory sanctions against foreign country violators: (1) suspension of U.S. assistance for one year; (2) opposition to the extension of financial or technical assistance by international financial institutions for one year; (3) suspension for one year of U.S. obligations under any memorandum of understanding for the codevelopment or coproduction of items on the U.S. Munitions List; (4) suspension for one year of any technical exchange agreement involving military and dual-use technology; and (5) prohibition for one year of exportation to such country of any item on the U.S. Authorizes the President to impose the following discretionary sanctions with respect to foreign governments: (1) suspension of most-favored nation status; and (2) prohibition on transactions involving property in which the sanctioned country has an interest (except for urgent humanitarian assistance). Waives any sanction under this Act if the President reports to the appropriate congressional committees that such sanction would jeopardize national security interests. Requires the President to report annually to such committees on any transfers made and sanctions taken.
hr5006-102.3	11	461	229	48	69	37	2	5	1	Title XVII: Cuban Democracy Act of 1992 - Cuban Democracy Act of 1992 - Sets forth U.S. policy with respect to Cuba. Prohibits: (1) vessels carrying goods or passengers to or from Cuba or carrying goods in which a Cuban national has an interest from entering a U.S. port, except as authorized by the Secretary of the Treasury; and (2) specified commodities authorized to be exported under a general license from being exported under such a license to any such vessels. Directs the President to establish strict limits on remittances to Cuba by U.S. persons for purposes of financing the travel of Cubans to the United States to assure that such remittances are not used by the Cuban Government as a means of gaining access to U.S. currency. Declares that food, medicine, and medical supplies for humanitarian purposes should be made available to Cuba under the Foreign Assistance Act of 1961 and the Agricultural Trade Development and Assistance Act of 1954 if the President certifies to the House Foreign Affairs Committee and the Senate Foreign Relations Committee that the Government of Cuba: (1) has made a commitment to hold free and fair elections for a new government within six months and is proceeding to implement that decision; (2) has made a commitment to respect and is respecting human rights and basic democratic freedoms; and (3) is not providing weapons or funds to any group in any other country that seeks the violent overthrow of the government of such country. Waives sanctions against Cuba under this Act if the President reports to the Congress that Cuba: (1) has held free and fair elections conducted under internationally recognized observers; (2) has permitted opposition parties ample time to campaign for such elections and has permitted full access to the media to all candidates; (3) is showing respect for basic civil liberties and human rights; (4) is moving toward establishing a free market economic system; and (5) has committed itself to constitutional change that would ensure regular free and fair elections. Requires the President, if he makes such report, to take the following actions with respect to a freely-elected Cuban Government: (1) encourage the admission of such government to international organizations and financial institutions; (2) provide emergency relief during Cuba's transition to a viable economic system; and (3) take steps to end the U.S. trade embargo of Cuba. Requires the U.S. Postal Service to provide direct mail service to and from Cuba. Authorizes the President to provide assistance to promote nonviolent democratic change in Cuba. Prohibits the issuance of licenses for certain transactions between U.S.-controlled firms in third countries and Cuba. Prohibits vessels which enter Cuba to engage in trade from loading or unloading any freight in the United States within 180 days after departure from Cuba.
hr5006-102.4	3	71	35	12	8	3	2	0	2	Prohibits any DOD prime contract in excess of the small purchase threshold from being awarded to any foreign person, company, or entity unless such entity certifies to the Secretary that it does not comply with the secondary Arab boycott of Israel. Authorizes the Secretary to waive such prohibition in specific instances when necessary for national security, requiring notice to the Congress of each such waiver. Provides other exceptions to such prohibition.
hr5006-102.5	2	48	26	6	7	1	0	2	1	Prohibits the Secretary from procuring a sonobuoy in a foreign country unless U.S. firms that manufacture sonobuoys are permitted to compete on an equal basis with foreign manufacturing firms for the sale of such buoys in that foreign country. Provides a waiver in the interest of national security.
hr5006-102.6	3	105	54	12	12	5	2	0	2	Subtitle B: Findings and Program Authority - Authorizes the President to establish and conduct programs to assist in the demilitarization of the independent states of the former Soviet Union. States that such programs shall include the transportation, storage, safeguarding, and destruction of weapons of mass destruction, as well as the conversion of weapons-related scientific expertise, technologies, and capabilities into appropriate civilian activities. Prohibits any such U.S. assistance unless the President certifies annually to the Congress that the recipient country is committed to destroying its weapons of mass destruction, forgoing any nuclear weapons or military modernization programs, and facilitating U.S. verification of any weapons destruction carried out.
hr5368-102.1	2	105	54	7	13	10	2	0	2	Prohibits the use of funds appropriated by this Act to provide assistance to any country that is not in compliance with the United Nations Security Council sanctions against Iraq unless the President certifies to the Congress that such assistance: (1) is in the U.S. national interest; (2) will directly benefit the needy people in such country; or (3) will be humanitarian assistance for foreign nationals who have fled Iraq and Kuwait. Authorizes the President to prohibit the importation into the United States of products of any foreign country that has not prohibited the importation of Iraqi products and the export of its products to Iraq.
hr5368-102.2	2	60	33	3	9	5	0	0	0	Authorizes the President to direct the drawdown of defense articles and services and military education and training for Cambodia and Laos to support efforts to locate and repatriate members of the U.S. armed forces and civilians employed by the U.S. Government who remain unaccounted for from the Vietnam War and to support humanitarian projects associated with POW/MIA efforts. Authorizes appropriations.
hr5368-102.3	1	13	10	2	0	8	0	0	0	Prohibits foreign military financing for Zaire, Sudan, Liberia, Somalia, Guatemala, Peru, and Malawi.
hr5368-102.4	2	103	63	10	6	8	1	0	0	Limits: (1) the amount of foreign military financing for the procurement of defense articles and services not sold by the U.S. Government for countries other than Israel and Egypt; (2) the amount of funds for administering military assistance and sales; (3) foreign military financing for Greece, Turkey, and Portugal; and (4) obligations with respect to the Special Defense Acquisition Fund. Permits the procurement of defense articles and services or design and construction services not sold by the U.S. Government only by countries for which assistance was justified for the foreign military financing program in the FY 1989 congressional presentation for security assistance programs.
hr5368-102.5	2	19	9	4	3	1	0	0	0	Provides for U.S. opposition to assistance to terrorist countries by international financial institutions. Prohibits bilateral assistance to such countries.
hr5368-102.6	1	28	12	2	3	5	0	0	0	Expresses the sense of the Congress that the President should instruct the U.S. representatives to the IMF and World Bank to provide financial and technical assistance to Armenia.
hr5368-102.7	2	63	32	6	11	5	1	0	1	Directs the President to report to the appropriate congressional committees that the United States has entered into serious discussions with Russia to reduce exports of conventional weapons to Iran and to prevent sales to Iran of destabilizing numbers and types of such weapons. Prohibits assistance to Russia under this Act unless the report has been made or it is in the national interest.
hr5368-102.8	1	49	23	5	6	3	0	0	1	Authorizes the President to transfer a specified dollar amount of defense articles to Bosnia Herzegovina if he certifies to the Congress that: (1) such articles would assist that nation in self-defense and promote security and stability; and (2) U.S. allies are prepared to join in a military assistance effort.
hr5368-102.9	5	218	128	20	27	10	3	0	2	Authorizes development and ESF assistance for Guatemala for FY 1993 to be: (1) provided to and used only by civilian government agencies and nongovernmental organizations; (2) used for costs of retraining, relocation, and reemployment in civilian pursuits of former combatants and noncombatants affected by the conflict in Guatemala; and (3) used for costs of monitoring activities associated with specified peace accords. Requires such assistance to be targeted for assistance for programs that address poverty, basic needs, and environmental concerns; to improve the performance of democratic institutions or to promote pluralism; for the National Reconciliation Commission; for fiscal reform and administration; or for programs that promote trade and investment. Prohibits the use of such assistance for partisan political purposes or as an instrument of counterinsurgency. Releases funds for retraining, relocation, and reemployment of individuals affected by the conflict and for the monitoring of peace accords only upon notification by the President to the appropriate congressional committees that the Guatemalan Government and representatives of the Guatemalan National Revolutionary Unity (URNG) have signed an agreement providing for a lasting peace agreement. Directs the President, prior to submitting any notification for assistance for Guatemala in FY 1993, to take into consideration Guatemala's progress toward eliminating human rights violations and in investigating and bringing to trial those responsible for major human rights cases.
hr5368-102.10	1	72	42	4	9	10	2	0	2	Prohibits any funds made available by this Act to carry out the Foreign Assistance Act of 1961 or the Arms Export Control Act to be made available for Jordan unless the President certifies to the Congress that: (1) Jordan has taken steps to advance the peace process in the Middle East; (2) Jordan is in compliance with United Nations sanctions against Iraq; and (3) such assistance is in the U.S. national interest.
hr5368-102.11	1	52	31	3	4	12	2	0	2	Prohibits making any of the funds appropriated under this Act available to finance indirectly any assistance or reparations to Cuba, Iraq, Libya, Vietnam, Iran, Syria, North Korea, China, Laos, Jordan, or Yemen unless the President certifies that the withholding of these funds is contrary to the national interest of the United States.
hr5368-102.12	3	53	35	6	4	2	0	0	0	Amends the Arms Export Control Act to extend waiver authority with respect to reciprocal leasing agreements through FY 1993. Requires delivery of defense equipment (permitted under special authority during unforeseen emergencies) within 120 days of congressional notification. Sets forth additional notification requirements with respect to the transfer of excess defense equipment to NATO.
hr5368-102.13	2	81	36	11	11	6	0	2	0	Sets forth exceptions to such requirement. Expresses the sense of the Congress that: (1) the Arab League countries should renounce the primary boycott of Israel and the secondary and tertiary boycotts of American firms that have commercial ties with Israel; and (2) the President should take certain steps to renounce such boycotts, consider a country's participation in such boycotts when determining whether to sell weapons to the country, and encourage U.S. trading partners to prohibit businesses from complying with such boycotts.
hr5368-102.14	1	137	75	7	21	6	3	0	2	Prohibits funds appropriated by this Act to be obligated or expended to provide: (1) any financial incentive to a business enterprise currently located in the United States for purposes of inducing such enterprise to relocate outside the United States if such incentive is likely to reduce the number of employees in the United States because U.S. production is being replaced by the enterprise outside the United States; (2) assistance for developing any export processing zone or area in a foreign country in which the tax, tariff, labor, environment, and safety laws of that country do not apply to activities in the zone unless the President certifies that such assistance is not likely to cause a loss of jobs within the United States; or (3) assistance for any project that contributes to violations of internationally recognized workers' rights.
hr5368-102.15	2	65	34	11	10	4	1	0	1	Directs the President to report to the Congress when such equipment is used for such purposes. Permits the commercial leasing of defense articles (other than major defense equipment) by Israel, Egypt, NATO countries, and major non-NATO allies if the President determines that there are compelling foreign policy or national security reasons for those defense articles being provided by commercial lease rather than by government-to-government sale.
hr5368-102.16	3	91	50	8	5	10	1	0	1	Earmarks ESF and development assistance available for humanitarian and development assistance for Cambodian civilians. Terminates assistance to any Cambodian organization that is cooperating with the Khmer Rouge in their military operations. Requires the President to: (1) conduct an onsite assessment within Cambodia to determine the requirements for the development of infrastructure and for the eradication of explosive mines; and (2) report to the Speaker of the House and the President of the Senate on violations of the United Nations peace agreement by the Khmer Rouge and U.S. responses to such violations.
hr5368-102.17	1	34	21	3	3	6	0	0	1	Expresses the sense of the Congress that the recommended levels of ESF assistance for Egypt and Israel are based on their continued participation in the Camp David Accords and upon the Egyptian-Israeli peace treaty.
hr5368-102.18	1	5	4	0	0	2	0	0	0	Prohibits ESF assistance to Zaire.
hr5368-102.19	1	13	10	0	2	2	0	0	0	Limits the amount of ESF assistance for tied aid credits and for Peru.
hr5368-102.20	1	48	33	3	5	5	0	0	1	Withholds a specified amount of funds allocated for the Dominican Republic until the President reports to the Appropriations Committees on the steps taken by the Government of the Dominican Republic to improve respect for human rights of Haitian laborers engaged in the Dominican Republic's sugar cane harvesting industry.